name,cuisine,address,price_level,source
Beyond Banh Mi,Vietnamese,,,seed
Megumi Mazesoba,Japanese,,,seed
AiFam Italian Deli,Italian,,,seed
Buk Chang Dong Soon Tofu,Korean,,,seed
Pala 148,Pizza,,,seed
8 Mile Pizza,Pizza,,,seed
Shamshiri,Persian,,,seed
Wok and Roast,Chinese,,,seed
Raku,Japanese,,,seed
North of Brooklyn,Pizza,,,seed
LALA Spicy Lab,Chinese,,,seed
California Sandwiches,Sandwiches,,,seed
Roti Cuisine of India,Indian,,,seed
Jollibee,Filipino,,,seed
Bapbo Korean Restaurant,Korean,,,seed
Alfies Sandwich,Sandwiches,,,seed
Light Café,Brunch,,,seed
Za Cafe Pizzeria and Bar,Pizza,,,seed
Gyu-Kaku Japanese BBQ,Japanese,,,seed
Naan Kabob,Afghan,,,seed
Toro Toro,Japanese,,,seed
Scotty Bon's,Sandwiches,,,seed
Manpuku,Japanese,,,seed
Otto's Berlin Döner,German,,,seed
Broken Rice,Vietnamese,,,seed
Korea House,Korean,,,seed
Ozzy's Burgers,Burgers,,,seed
Pho Le,Vietnamese,,,seed
J San Sushi Bar,Japanese,,,seed
Sang-Ji Fried Bao,Chinese,,,seed
Miznon,Mediterranean,,,seed
